timestamp,seed,model,dataset,prediction_type,training_type,run_id,MSE,MAE,RMSE,resource,service_level,quantile,SR,TPR,coverage,calibration_error,mean_interval_width
20261006T162718Z,17,S-B-HBNN,ali18,bivariate,single,20261006T162718Z-S-B-HBNN-ali18-seed17,0.01880648922793195,0.09708822417616991,0.13713675374578455,avgcpu,0.9,0.9,99.75247524752476,367.18961682926675,100.0,9.752475247524757,1.5493360609721938
20261006T162718Z,17,S-B-HBNN,ali18,bivariate,single,20261006T162718Z-S-B-HBNN-ali18-seed17,0.01880648922793195,0.09708822417616991,0.13713675374578455,avgcpu,0.91,0.91,99.75247524752476,380.35519898412105,100.0,8.752475247524757,1.596945021231245
20261006T162718Z,17,S-B-HBNN,ali18,bivariate,single,20261006T162718Z-S-B-HBNN-ali18-seed17,0.01880648922793195,0.09708822417616991,0.13713675374578455,avgcpu,0.92,0.92,99.75247524752476,394.65781573353354,100.0,7.752475247524757,1.6490227563043491
20261006T162718Z,17,S-B-HBNN,ali18,bivariate,single,20261006T162718Z-S-B-HBNN-ali18-seed17,0.01880648922793195,0.09708822417616991,0.13713675374578455,avgcpu,0.93,0.93,100.0,410.384309355393,100.0,7.0,1.7066920112938888
20261006T162718Z,17,S-B-HBNN,ali18,bivariate,single,20261006T162718Z-S-B-HBNN-ali18-seed17,0.01880648922793195,0.09708822417616991,0.13713675374578455,avgcpu,0.94,0.94,100.0,427.9483389560852,100.0,6.0,1.7715748760912142
20261006T162718Z,17,S-B-HBNN,ali18,bivariate,single,20261006T162718Z-S-B-HBNN-ali18-seed17,0.01880648922793195,0.09708822417616991,0.13713675374578455,avgcpu,0.95,0.95,100.0,447.9802070817785,100.0,5.0,1.8461477846406829
20261006T162718Z,17,S-B-HBNN,ali18,bivariate,single,20261006T162718Z-S-B-HBNN-ali18-seed17,0.01880648922793195,0.09708822417616991,0.13713675374578455,avgcpu,0.96,0.96,100.0,471.51507393557205,100.0,4.0,1.934486567854416
20261006T162718Z,17,S-B-HBNN,ali18,bivariate,single,20261006T162718Z-S-B-HBNN-ali18-seed17,0.01880648922793195,0.09708822417616991,0.13713675374578455,avgcpu,0.97,0.97,100.0,500.44820099153225,100.0,3.0,2.044072021041735
20261006T162718Z,17,S-B-HBNN,ali18,bivariate,single,20261006T162718Z-S-B-HBNN-ali18-seed17,0.01880648922793195,0.09708822417616991,0.13713675374578455,avgcpu,0.98,0.98,100.0,538.9097525736968,100.0,2.0,2.1912555576738932
20261006T162718Z,17,S-B-HBNN,ali18,bivariate,single,20261006T162718Z-S-B-HBNN-ali18-seed17,0.01880648922793195,0.09708822417616991,0.13713675374578455,avgcpu,0.99,0.99,100.0,599.5299182582864,100.0,1.0,2.4262494616579904
20261006T162718Z,17,S-B-HBNN,ali18,bivariate,single,20261006T162718Z-S-B-HBNN-ali18-seed17,0.01880648922793195,0.09708822417616991,0.13713675374578455,avgcpu,0.995,0.995,100.0,655.0092399801182,100.0,0.5,2.6440277544465283
20261006T162718Z,17,S-B-HBNN,ali18,bivariate,single,20261006T162718Z-S-B-HBNN-ali18-seed17,0.01880648922793195,0.09708822417616991,0.13713675374578455,avgmem,0.9,0.9,100.0,655.5437981331226,100.0,10.0,1.6567460514764016
20261006T162718Z,17,S-B-HBNN,ali18,bivariate,single,20261006T162718Z-S-B-HBNN-ali18-seed17,0.01880648922793195,0.09708822417616991,0.13713675374578455,avgmem,0.91,0.91,100.0,683.4219846269269,100.0,9.0,1.7076555726002987
20261006T162718Z,17,S-B-HBNN,ali18,bivariate,single,20261006T162718Z-S-B-HBNN-ali18-seed17,0.01880648922793195,0.09708822417616991,0.13713675374578455,avgmem,0.92,0.92,100.0,713.7078475990037,100.0,8.0,1.7633436728940857
20261006T162718Z,17,S-B-HBNN,ali18,bivariate,single,20261006T162718Z-S-B-HBNN-ali18-seed17,0.01880648922793195,0.09708822417616991,0.13713675374578455,avgmem,0.93,0.93,100.0,747.0087770168625,100.0,7.0,1.8250109334079554
20261006T162718Z,17,S-B-HBNN,ali18,bivariate,single,20261006T162718Z-S-B-HBNN-ali18-seed17,0.01880648922793195,0.09708822417616991,0.13713675374578455,avgmem,0.94,0.94,100.0,784.200698120804,100.0,6.0,1.8943918977895593
20261006T162718Z,17,S-B-HBNN,ali18,bivariate,single,20261006T162718Z-S-B-HBNN-ali18-seed17,0.01880648922793195,0.09708822417616991,0.13713675374578455,avgmem,0.95,0.95,100.0,826.6182797255393,100.0,5.0,1.9741346823917052
20261006T162718Z,17,S-B-HBNN,ali18,bivariate,single,20261006T162718Z-S-B-HBNN-ali18-seed17,0.01880648922793195,0.09708822417616991,0.13713675374578455,avgmem,0.96,0.96,100.0,876.4534787725486,100.0,4.0,2.0685976810711177
20261006T162718Z,17,S-B-HBNN,ali18,bivariate,single,20261006T162718Z-S-B-HBNN-ali18-seed17,0.01880648922793195,0.09708822417616991,0.13713675374578455,avgmem,0.97,0.97,100.0,937.719520974685,100.0,3.0,2.185780306223093
20261006T162718Z,17,S-B-HBNN,ali18,bivariate,single,20261006T162718Z-S-B-HBNN-ali18-seed17,0.01880648922793195,0.09708822417616991,0.13713675374578455,avgmem,0.98,0.98,100.0,1019.1620500810278,100.0,2.0,2.3431675569946586
20261006T162718Z,17,S-B-HBNN,ali18,bivariate,single,20261006T162718Z-S-B-HBNN-ali18-seed17,0.01880648922793195,0.09708822417616991,0.13713675374578455,avgmem,0.99,0.99,100.0,1147.5255561047406,100.0,1.0,2.5944527573806737
20261006T162718Z,17,S-B-HBNN,ali18,bivariate,single,20261006T162718Z-S-B-HBNN-ali18-seed17,0.01880648922793195,0.09708822417616991,0.13713675374578455,avgmem,0.995,0.995,100.0,1265.003299156212,100.0,0.5,2.8273288491230177
20261006T162817Z,17,S-B-HBNN,ali20_c,bivariate,single,20261006T162817Z-S-B-HBNN-ali20_c-seed17,0.0014878281742267013,0.02710873738085572,0.03857237579183711,avgcpu,0.9,0.9,96.18842143113989,119.05981416928138,97.339086659475,6.188421431139886,0.19322991055572186
20261006T162817Z,17,S-B-HBNN,ali20_c,bivariate,single,20261006T162817Z-S-B-HBNN-ali20_c-seed17,0.0014878281742267013,0.02710873738085572,0.03857237579183711,avgcpu,0.91,0.91,96.65587918015103,120.07500864188249,97.4829198130169,5.655879180151032,0.19916759919812962
20261006T162817Z,17,S-B-HBNN,ali20_c,bivariate,single,20261006T162817Z-S-B-HBNN-ali20_c-seed17,0.0014878281742267013,0.02710873738085572,0.03857237579183711,avgcpu,0.92,0.92,96.90758719884933,121.17787954397785,97.55483638978785,4.907587198849328,0.20566262396622675
20261006T162817Z,17,S-B-HBNN,ali20_c,bivariate,single,20261006T162817Z-S-B-HBNN-ali20_c-seed17,0.0014878281742267013,0.02710873738085572,0.03857237579183711,avgcpu,0.93,0.93,97.30312837108953,122.3905452058925,97.69866954332974,4.303128371089528,0.21285501125013948
20261006T162817Z,17,S-B-HBNN,ali20_c,bivariate,single,20261006T162817Z-S-B-HBNN-ali20_c-seed17,0.0014878281742267013,0.02710873738085572,0.03857237579183711,avgcpu,0.94,0.94,97.4829198130169,123.74490276923423,98.022294138799,3.482919813016906,0.22094706466398645
20261006T162817Z,17,S-B-HBNN,ali20_c,bivariate,single,20261006T162817Z-S-B-HBNN-ali20_c-seed17,0.0014878281742267013,0.02710873738085572,0.03857237579183711,avgcpu,0.95,0.95,97.80654440848615,125.28955469255075,98.23804386911183,2.806544408486147,0.2302476398018632
20261006T162817Z,17,S-B-HBNN,ali20_c,bivariate,single,20261006T162817Z-S-B-HBNN-ali20_c-seed17,0.0014878281742267013,0.02710873738085572,0.03857237579183711,avgcpu,0.96,0.96,98.022294138799,127.10432189861497,98.4178353110392,2.0222941387989977,0.2412650656586395
20261006T162817Z,17,S-B-HBNN,ali20_c,bivariate,single,20261006T162817Z-S-B-HBNN-ali20_c-seed17,0.0014878281742267013,0.02710873738085572,0.03857237579183711,avgcpu,0.97,0.97,98.38187702265373,129.33534748615006,98.70550161812298,1.3818770226537254,0.2549323311738477
20261006T162817Z,17,S-B-HBNN,ali20_c,bivariate,single,20261006T162817Z-S-B-HBNN-ali20_c-seed17,0.0014878281742267013,0.02710873738085572,0.03857237579183711,avgcpu,0.98,0.98,98.66954332973751,132.30110730706903,98.8133764832794,0.6695433297375075,0.2732887499877626
20261006T162817Z,17,S-B-HBNN,ali20_c,bivariate,single,20261006T162817Z-S-B-HBNN-ali20_c-seed17,0.0014878281742267013,0.02710873738085572,0.03857237579183711,avgcpu,0.99,0.99,98.99316792520676,136.97551185730504,99.10104279036318,-0.0068320747932375525,0.30259669175185866
20261006T162817Z,17,S-B-HBNN,ali20_c,bivariate,single,20261006T162817Z-S-B-HBNN-ali20_c-seed17,0.0014878281742267013,0.02710873738085572,0.03857237579183711,avgcpu,0.995,0.995,99.24487594390507,141.25350732254117,99.31679252067602,-0.25512405609492816,0.3297575389666981
20261006T162817Z,17,S-B-HBNN,ali20_c,bivariate,single,20261006T162817Z-S-B-HBNN-ali20_c-seed17,0.0014878281742267013,0.02710873738085572,0.03857237579183711,avgmem,0.9,0.9,95.61308881697231,122.33522157575084,88.92484717727436,5.613088816972308,0.21234852965542342
20261006T162817Z,17,S-B-HBNN,ali20_c,bivariate,single,20261006T162817Z-S-B-HBNN-ali20_c-seed17,0.0014878281742267013,0.02710873738085572,0.03857237579183711,avgmem,0.91,0.91,96.18842143113989,123.35936898384368,89.32038834951457,5.188421431139886,0.2188737070937445
20261006T162817Z,17,S-B-HBNN,ali20_c,bivariate,single,20261006T162817Z-S-B-HBNN-ali20_c-seed17,0.0014878281742267013,0.02710873738085572,0.03857237579183711,avgmem,0.92,0.92,96.29629629629629,124.47196603428675,89.71592952175477,4.2962962962962905,0.22601136479701853
20261006T162817Z,17,S-B-HBNN,ali20_c,bivariate,single,20261006T162817Z-S-B-HBNN-ali20_c-seed17,0.0014878281742267013,0.02710873738085572,0.03857237579183711,avgmem,0.93,0.93,96.61992089176556,125.69532611755339,90.21934555915139,3.6199208917655596,0.23391538369377626
20261006T162817Z,17,S-B-HBNN,ali20_c,bivariate,single,20261006T162817Z-S-B-HBNN-ali20_c-seed17,0.0014878281742267013,0.02710873738085572,0.03857237579183711,avgmem,0.94,0.94,97.01546206400576,127.06162767411482,90.61488673139159,3.01546206400576,0.24280808379067984
20261006T162817Z,17,S-B-HBNN,ali20_c,bivariate,single,20261006T162817Z-S-B-HBNN-ali20_c-seed17,0.0014878281742267013,0.02710873738085572,0.03857237579183711,avgmem,0.95,0.95,97.37504494786047,128.61990178450975,90.93851132686083,2.3750449478604736,0.25302887957637366
20261006T162817Z,17,S-B-HBNN,ali20_c,bivariate,single,20261006T162817Z-S-B-HBNN-ali20_c-seed17,0.0014878281742267013,0.02710873738085572,0.03857237579183711,avgmem,0.96,0.96,97.77058612010069,130.4506733071527,91.29809421071558,1.7705861201006883,0.2651363953048946
20261006T162817Z,17,S-B-HBNN,ali20_c,bivariate,single,20261006T162817Z-S-B-HBNN-ali20_c-seed17,0.0014878281742267013,0.02710873738085572,0.03857237579183711,avgmem,0.97,0.97,98.16612729234089,132.70137416746047,91.54980222941388,1.1661272923408887,0.2801559320226732
20261006T162817Z,17,S-B-HBNN,ali20_c,bivariate,single,20261006T162817Z-S-B-HBNN-ali20_c-seed17,0.0014878281742267013,0.02710873738085572,0.03857237579183711,avgmem,0.98,0.98,98.45379359942467,135.6932888356303,92.0532182668105,0.4537935994246709,0.3003285778292339
20261006T162817Z,17,S-B-HBNN,ali20_c,bivariate,single,20261006T162817Z-S-B-HBNN-ali20_c-seed17,0.0014878281742267013,0.02710873738085572,0.03857237579183711,avgmem,0.99,0.99,98.8133764832794,140.40891666232247,92.9881337648328,-0.1866235167206014,0.33253631587006843
20261006T162817Z,17,S-B-HBNN,ali20_c,bivariate,single,20261006T162817Z-S-B-HBNN-ali20_c-seed17,0.0014878281742267013,0.02710873738085572,0.03857237579183711,avgmem,0.995,0.995,98.95720963682129,144.72463949750406,94.21071556993887,-0.5427903631787103,0.3623845208072827
20261006T163356Z,17,S-B-HBNN,ali20_g,bivariate,single,20261006T163356Z-S-B-HBNN-ali20_g-seed17,0.07810209403331254,0.22867317467927348,0.279467518744688,avgcpu,0.9,0.9,86.15605897159296,167.6504898480553,67.34987414599065,-3.8439410284070448,0.5996214249238558
20261006T163356Z,17,S-B-HBNN,ali20_g,bivariate,single,20261006T163356Z-S-B-HBNN-ali20_g-seed17,0.07810209403331254,0.22867317467927348,0.279467518744688,avgcpu,0.91,0.91,86.76734987414599,170.06761069648707,68.53649766271126,-4.232650125854008,0.6180469642944183
20261006T163356Z,17,S-B-HBNN,ali20_g,bivariate,single,20261006T163356Z-S-B-HBNN-ali20_g-seed17,0.07810209403331254,0.22867317467927348,0.279467518744688,avgcpu,0.92,0.92,87.52247393024092,172.6934841843061,69.57928802588997,-4.4775260697590795,0.6382020013441255
20261006T163356Z,17,S-B-HBNN,ali20_g,bivariate,single,20261006T163356Z-S-B-HBNN-ali20_g-seed17,0.07810209403331254,0.22867317467927348,0.279467518744688,avgcpu,0.93,0.93,88.45738942826321,175.58077280998296,71.08953613807982,-4.5426105717367875,0.6605210589857752
20261006T163356Z,17,S-B-HBNN,ali20_g,bivariate,single,20261006T163356Z-S-B-HBNN-ali20_g-seed17,0.07810209403331254,0.22867317467927348,0.279467518744688,avgcpu,0.94,0.94,88.88888888888889,178.80542187076549,72.52786767349873,-5.111111111111114,0.6856319157088167
20261006T163356Z,17,S-B-HBNN,ali20_g,bivariate,single,20261006T163356Z-S-B-HBNN-ali20_g-seed17,0.07810209403331254,0.22867317467927348,0.279467518744688,avgcpu,0.95,0.95,89.75188781014025,182.48315108244313,73.82236605537577,-5.248112189859754,0.714492996794795
20261006T163356Z,17,S-B-HBNN,ali20_g,bivariate,single,20261006T163356Z-S-B-HBNN-ali20_g-seed17,0.07810209403331254,0.22867317467927348,0.279467518744688,avgcpu,0.96,0.96,90.65084501977707,186.8040095654382,75.7641136281913,-5.349154980222934,0.748681723437755
20261006T163356Z,17,S-B-HBNN,ali20_g,bivariate,single,20261006T163356Z-S-B-HBNN-ali20_g-seed17,0.07810209403331254,0.22867317467927348,0.279467518744688,avgcpu,0.97,0.97,92.08917655519598,192.11595580486076,78.2811938151744,-4.9108234448040236,0.791093300400518
20261006T163356Z,17,S-B-HBNN,ali20_g,bivariate,single,20261006T163356Z-S-B-HBNN-ali20_g-seed17,0.07810209403331254,0.22867317467927348,0.279467518744688,avgcpu,0.98,0.98,93.49154980222941,199.17726286282524,84.21431139877743,-4.5084501977705855,0.8480560241012289
20261006T163356Z,17,S-B-HBNN,ali20_g,bivariate,single,20261006T163356Z-S-B-HBNN-ali20_g-seed17,0.07810209403331254,0.22867317467927348,0.279467518744688,avgcpu,0.99,0.99,96.97950377562027,210.306756765044,89.82380438691119,-2.020496224379727,0.9390029678307555
20261006T163356Z,17,S-B-HBNN,ali20_g,bivariate,single,20261006T163356Z-S-B-HBNN-ali20_g-seed17,0.07810209403331254,0.22867317467927348,0.279467518744688,avgcpu,0.995,0.995,98.52571017619562,220.49242296752553,94.24667385832434,-0.9742898238043836,1.0232871547988216
20261006T163356Z,17,S-B-HBNN,ali20_g,bivariate,single,20261006T163356Z-S-B-HBNN-ali20_g-seed17,0.07810209403331254,0.22867317467927348,0.279467518744688,avgmem,0.9,0.9,91.51384394102841,166.7517278901138,77.16648687522473,1.5138439410284121,0.5589557195508665
20261006T163356Z,17,S-B-HBNN,ali20_g,bivariate,single,20261006T163356Z-S-B-HBNN-ali20_g-seed17,0.07810209403331254,0.22867317467927348,0.279467518744688,avgmem,0.91,0.91,92.62855088097807,169.21322193267395,78.10140237324703,1.628550880978068,0.5761316578827789
20261006T163356Z,17,S-B-HBNN,ali20_g,bivariate,single,20261006T163356Z-S-B-HBNN-ali20_g-seed17,0.07810209403331254,0.22867317467927348,0.279467518744688,avgmem,0.92,0.92,93.81517439769867,171.88730086876714,79.64760877382237,1.8151743976986694,0.5949198011485469
20261006T163356Z,17,S-B-HBNN,ali20_g,bivariate,single,20261006T163356Z-S-B-HBNN-ali20_g-seed17,0.07810209403331254,0.22867317467927348,0.279467518744688,avgmem,0.93,0.93,95.21754764473212,174.82759396824812,81.62531463502337,2.2175476447321216,0.6157252033660706
20261006T163356Z,17,S-B-HBNN,ali20_g,bivariate,single,20261006T163356Z-S-B-HBNN-ali20_g-seed17,0.07810209403331254,0.22867317467927348,0.279467518744688,avgmem,0.94,0.94,96.26033800791083,178.1114407223784,83.5670622078389,2.260338007910832,0.6391330677364085
20261006T163356Z,17,S-B-HBNN,ali20_g,bivariate,single,20261006T163356Z-S-B-HBNN-ali20_g-seed17,0.07810209403331254,0.22867317467927348,0.279467518744688,avgmem,0.95,0.95,96.90758719884933,181.85668521462935,86.08414239482201,1.9075871988493276,0.6660368201289746
20261006T163356Z,17,S-B-HBNN,ali20_g,bivariate,single,20261006T163356Z-S-B-HBNN-ali20_g-seed17,0.07810209403331254,0.22867317467927348,0.279467518744688,avgmem,0.96,0.96,97.80654440848615,186.25686546276978,88.52930600503416,1.8065444084861468,0.6979069026625834
20261006T163356Z,17,S-B-HBNN,ali20_g,bivariate,single,20261006T163356Z-S-B-HBNN-ali20_g-seed17,0.07810209403331254,0.22867317467927348,0.279467518744688,avgmem,0.97,0.97,98.88529306005034,191.66632772909452,90.79467817331896,1.8852930600503441,0.7374421703050273
20261006T163356Z,17,S-B-HBNN,ali20_g,bivariate,single,20261006T163356Z-S-B-HBNN-ali20_g-seed17,0.07810209403331254,0.22867317467927348,0.279467518744688,avgmem,0.98,0.98,99.71233369291622,198.8572653552148,92.80834232290543,1.7123336929162178,0.7905417409512085
20261006T163356Z,17,S-B-HBNN,ali20_g,bivariate,single,20261006T163356Z-S-B-HBNN-ali20_g-seed17,0.07810209403331254,0.22867317467927348,0.279467518744688,avgmem,0.99,0.99,100.0,210.19107307723874,94.92988133764833,1.0,0.8753207569440827
20261006T163356Z,17,S-B-HBNN,ali20_g,bivariate,single,20261006T163356Z-S-B-HBNN-ali20_g-seed17,0.07810209403331254,0.22867317467927348,0.279467518744688,avgmem,0.995,0.995,100.0,220.56372643182027,96.58396260338009,0.5,0.9538888774535822
20261006T163604Z,17,S-B-HBNN,gc11,bivariate,single,20261006T163604Z-S-B-HBNN-gc11-seed17,0.099294841010197,0.23361606701744808,0.3151108392458073,avgcpu,0.9,0.9,65.35008976660683,114.80397342568783,67.56433273488929,-24.64991023339317,0.7269641004274866
20261006T163604Z,17,S-B-HBNN,gc11,bivariate,single,20261006T163604Z-S-B-HBNN-gc11-seed17,0.099294841010197,0.23361606701744808,0.3151108392458073,avgcpu,0.91,0.91,65.70915619389586,117.62676204263735,67.98324356672651,-25.290843806104135,0.7493027045811209
20261006T163604Z,17,S-B-HBNN,gc11,bivariate,single,20261006T163604Z-S-B-HBNN-gc11-seed17,0.099294841010197,0.23361606701744808,0.3151108392458073,avgcpu,0.92,0.92,65.82884500299222,120.69333845968913,68.2226211849192,-26.171154997007775,0.7737381029323116
20261006T163604Z,17,S-B-HBNN,gc11,bivariate,single,20261006T163604Z-S-B-HBNN-gc11-seed17,0.099294841010197,0.23361606701744808,0.3151108392458073,avgcpu,0.93,0.93,66.66666666666666,124.06520357421017,68.9407540394973,-26.333333333333343,0.8007970988027668
20261006T163604Z,17,S-B-HBNN,gc11,bivariate,single,20261006T163604Z-S-B-HBNN-gc11-seed17,0.099294841010197,0.23361606701744808,0.3151108392458073,avgcpu,0.94,0.94,67.0855774985039,127.8310486573551,69.8982645122681,-26.914422501496105,0.8312407931236417
20261006T163604Z,17,S-B-HBNN,gc11,bivariate,single,20261006T163604Z-S-B-HBNN-gc11-seed17,0.099294841010197,0.23361606701744808,0.3151108392458073,avgcpu,0.95,0.95,67.56433273488929,132.12601477859056,70.79593058049073,-27.43566726511071,0.8662311536693765
20261006T163604Z,17,S-B-HBNN,gc11,bivariate,single,20261006T163604Z-S-B-HBNN-gc11-seed17,0.099294841010197,0.23361606701744808,0.3151108392458073,avgcpu,0.96,0.96,68.2226211849192,137.17204718907664,72.59126271693597,-27.777378815080795,0.9076806013970268
20261006T163604Z,17,S-B-HBNN,gc11,bivariate,single,20261006T163604Z-S-B-HBNN-gc11-seed17,0.099294841010197,0.23361606701744808,0.3151108392458073,avgcpu,0.97,0.97,69.8982645122681,143.37550258859386,76.66068222621185,-27.1017354877319,0.9590992008881333
20261006T163604Z,17,S-B-HBNN,gc11,bivariate,single,20261006T163604Z-S-B-HBNN-gc11-seed17,0.099294841010197,0.23361606701744808,0.3151108392458073,avgcpu,0.98,0.98,72.59126271693597,151.62191575280943,84.20107719928187,-25.408737283064028,1.0281592002006086
20261006T163604Z,17,S-B-HBNN,gc11,bivariate,single,20261006T163604Z-S-B-HBNN-gc11-seed17,0.099294841010197,0.23361606701744808,0.3151108392458073,avgcpu,0.99,0.99,84.20107719928187,164.61928355921222,91.20287253141831,-14.798922800718131,1.1384207091908187
20261006T163604Z,17,S-B-HBNN,gc11,bivariate,single,20261006T163604Z-S-B-HBNN-gc11-seed17,0.099294841010197,0.23361606701744808,0.3151108392458073,avgcpu,0.995,0.995,91.20287253141831,176.51442013505488,97.12746858168761,-8.297127468581692,1.2406044798379119
20261006T163604Z,17,S-B-HBNN,gc11,bivariate,single,20261006T163604Z-S-B-HBNN-gc11-seed17,0.099294841010197,0.23361606701744808,0.3151108392458073,avgmem,0.9,0.9,92.28007181328546,143.76418632208674,98.38420107719928,2.28007181328546,0.9073556995907526
20261006T163604Z,17,S-B-HBNN,gc11,bivariate,single,20261006T163604Z-S-B-HBNN-gc11-seed17,0.099294841010197,0.23361606701744808,0.3151108392458073,avgmem,0.91,0.91,94.19509275882704,146.75938227822786,99.04248952722921,3.1950927588270446,0.9352374887847208
20261006T163604Z,17,S-B-HBNN,gc11,bivariate,single,20261006T163604Z-S-B-HBNN-gc11-seed17,0.099294841010197,0.23361606701744808,0.3151108392458073,avgmem,0.92,0.92,95.63135846798325,150.01325585147364,99.5212447636146,3.6313584679832474,0.9657363785547733
20261006T163604Z,17,S-B-HBNN,gc11,bivariate,single,20261006T163604Z-S-B-HBNN-gc11-seed17,0.099294841010197,0.23361606701744808,0.3151108392458073,avgmem,0.93,0.93,96.8880909634949,153.5910642268598,99.70077797725912,3.8880909634949035,0.9995098951752261
20261006T163604Z,17,S-B-HBNN,gc11,bivariate,single,20261006T163604Z-S-B-HBNN-gc11-seed17,0.099294841010197,0.23361606701744808,0.3151108392458073,avgmem,0.94,0.94,97.66606822262118,157.5869156685022,99.88031119090365,3.6660682226211776,1.037508002017642
20261006T163604Z,17,S-B-HBNN,gc11,bivariate,single,20261006T163604Z-S-B-HBNN-gc11-seed17,0.099294841010197,0.23361606701744808,0.3151108392458073,avgmem,0.95,0.95,98.38420107719928,162.14420525116657,99.94015559545183,3.384201077199279,1.0811810018992574
20261006T163604Z,17,S-B-HBNN,gc11,bivariate,single,20261006T163604Z-S-B-HBNN-gc11-seed17,0.099294841010197,0.23361606701744808,0.3151108392458073,avgmem,0.96,0.96,99.5212447636146,167.4984339665911,100.0,3.521244763614604,1.1329158710880607
20261006T163604Z,17,S-B-HBNN,gc11,bivariate,single,20261006T163604Z-S-B-HBNN-gc11-seed17,0.099294841010197,0.23361606701744808,0.3151108392458073,avgmem,0.97,0.97,99.88031119090365,174.08077754526653,100.0,2.8803111909036545,1.1970936747592384
20261006T163604Z,17,S-B-HBNN,gc11,bivariate,single,20261006T163604Z-S-B-HBNN-gc11-seed17,0.099294841010197,0.23361606701744808,0.3151108392458073,avgmem,0.98,0.98,100.0,182.8308565323425,100.0,2.0,1.2832904813870487
20261006T163604Z,17,S-B-HBNN,gc11,bivariate,single,20261006T163604Z-S-B-HBNN-gc11-seed17,0.099294841010197,0.23361606701744808,0.3151108392458073,avgmem,0.99,0.99,100.0,196.6220640143558,100.0,1.0,1.420912694875875
20261006T163604Z,17,S-B-HBNN,gc11,bivariate,single,20261006T163604Z-S-B-HBNN-gc11-seed17,0.099294841010197,0.23361606701744808,0.3151108392458073,avgmem,0.995,0.995,100.0,209.24371933625235,100.0,0.5,1.5484527297246282
20261006T163800Z,17,S-B-HBNN,gc19_a,bivariate,single,20261006T163800Z-S-B-HBNN-gc19_a-seed17,0.020331686346592985,0.11914013200431152,0.14258922240686,avgcpu,0.9,0.9,90.00598444045482,122.63000478384065,93.83602633153801,0.00598444045482438,0.4712373302311115
20261006T163800Z,17,S-B-HBNN,gc19_a,bivariate,single,20261006T163800Z-S-B-HBNN-gc19_a-seed17,0.020331686346592985,0.11914013200431152,0.14258922240686,avgcpu,0.91,0.91,91.6816277678037,123.89419371373177,94.67384799521244,0.6816277678037039,0.4857178034432798
20261006T163800Z,17,S-B-HBNN,gc19_a,bivariate,single,20261006T163800Z-S-B-HBNN-gc19_a-seed17,0.020331686346592985,0.11914013200431152,0.14258922240686,avgcpu,0.92,0.92,93.89587073608617,125.26756327311851,95.15260323159784,1.8958707360861666,0.5015574740341351
20261006T163800Z,17,S-B-HBNN,gc19_a,bivariate,single,20261006T163800Z-S-B-HBNN-gc19_a-seed17,0.020331686346592985,0.11914013200431152,0.14258922240686,avgcpu,0.93,0.93,95.39198084979054,126.77765670528984,95.51166965888689,2.391980849790542,0.5190978298305625
20261006T163800Z,17,S-B-HBNN,gc19_a,bivariate,single,20261006T163800Z-S-B-HBNN-gc19_a-seed17,0.020331686346592985,0.11914013200431152,0.14258922240686,avgcpu,0.94,0.94,97.66606822262118,128.46419449179305,95.81089168162777,3.6660682226211776,0.5388322365580818
20261006T163800Z,17,S-B-HBNN,gc19_a,bivariate,single,20261006T163800Z-S-B-HBNN-gc19_a-seed17,0.020331686346592985,0.11914013200431152,0.14258922240686,avgcpu,0.95,0.95,99.16217833632555,130.38769970650193,96.11011370436864,4.162178336325553,0.5615139124175913
20261006T163800Z,17,S-B-HBNN,gc19_a,bivariate,single,20261006T163800Z-S-B-HBNN-gc19_a-seed17,0.020331686346592985,0.11914013200431152,0.14258922240686,avgcpu,0.96,0.96,99.82046678635548,132.64757076978466,96.76840215439856,3.8204667863554818,0.5883825391836804
20261006T163800Z,17,S-B-HBNN,gc19_a,bivariate,single,20261006T163800Z-S-B-HBNN-gc19_a-seed17,0.020331686346592985,0.11914013200431152,0.14258922240686,avgcpu,0.97,0.97,100.0,135.425794968385,97.00777977259126,3.0,0.621713433424762
20261006T163800Z,17,S-B-HBNN,gc19_a,bivariate,single,20261006T163800Z-S-B-HBNN-gc19_a-seed17,0.020331686346592985,0.11914013200431152,0.14258922240686,avgcpu,0.98,0.98,100.0,139.11896000770537,98.3243566726511,2.0,0.6664799489688396
20261006T163800Z,17,S-B-HBNN,gc19_a,bivariate,single,20261006T163800Z-S-B-HBNN-gc19_a-seed17,0.020331686346592985,0.11914013200431152,0.14258922240686,avgcpu,0.99,0.99,100.0,144.93984521317776,98.98264512268103,1.0,0.7379543712865937
20261006T163800Z,17,S-B-HBNN,gc19_a,bivariate,single,20261006T163800Z-S-B-HBNN-gc19_a-seed17,0.020331686346592985,0.11914013200431152,0.14258922240686,avgcpu,0.995,0.995,100.0,150.26709497195478,99.46140035906643,0.5,0.8041925902638009
20261006T163800Z,17,S-B-HBNN,gc19_a,bivariate,single,20261006T163800Z-S-B-HBNN-gc19_a-seed17,0.020331686346592985,0.11914013200431152,0.14258922240686,avgmem,0.9,0.9,100.0,160.33817154001602,85.09874326750449,10.0,0.5903895515933206
20261006T163800Z,17,S-B-HBNN,gc19_a,bivariate,single,20261006T163800Z-S-B-HBNN-gc19_a-seed17,0.020331686346592985,0.11914013200431152,0.14258922240686,avgmem,0.91,0.91,100.0,162.19098255113127,85.57749850388988,9.0,0.6085314082293353
20261006T163800Z,17,S-B-HBNN,gc19_a,bivariate,single,20261006T163800Z-S-B-HBNN-gc19_a-seed17,0.020331686346592985,0.11914013200431152,0.14258922240686,avgmem,0.92,0.92,100.0,164.2038100500886,86.23578695391981,8.0,0.6283761349043944
20261006T163800Z,17,S-B-HBNN,gc19_a,bivariate,single,20261006T163800Z-S-B-HBNN-gc19_a-seed17,0.020331686346592985,0.11914013200431152,0.14258922240686,avgmem,0.93,0.93,100.0,166.41702175664966,86.65469778575702,7.0,0.6503515645427073
20261006T163800Z,17,S-B-HBNN,gc19_a,bivariate,single,20261006T163800Z-S-B-HBNN-gc19_a-seed17,0.020331686346592985,0.11914013200431152,0.14258922240686,avgmem,0.94,0.94,100.0,168.88883250234596,87.1932974266906,6.0,0.6750758102494432
20261006T163800Z,17,S-B-HBNN,gc19_a,bivariate,single,20261006T163800Z-S-B-HBNN-gc19_a-seed17,0.020331686346592985,0.11914013200431152,0.14258922240686,avgmem,0.95,0.95,100.0,171.7079456566251,87.97127468581688,5.0,0.7034925412276817
20261006T163800Z,17,S-B-HBNN,gc19_a,bivariate,single,20261006T163800Z-S-B-HBNN-gc19_a-seed17,0.020331686346592985,0.11914013200431152,0.14258922240686,avgmem,0.96,0.96,100.0,175.02004078002705,88.80909634949133,4.0,0.7371548924267683
20261006T163800Z,17,S-B-HBNN,gc19_a,bivariate,single,20261006T163800Z-S-B-HBNN-gc19_a-seed17,0.020331686346592985,0.11914013200431152,0.14258922240686,avgmem,0.97,0.97,100.0,179.09184070233533,89.40754039497307,3.0,0.7789134935451174
20261006T163800Z,17,S-B-HBNN,gc19_a,bivariate,single,20261006T163800Z-S-B-HBNN-gc19_a-seed17,0.020331686346592985,0.11914013200431152,0.14258922240686,avgmem,0.98,0.98,100.0,184.50458929467436,90.66427289048474,2.0,0.8349992094740765
20261006T163800Z,17,S-B-HBNN,gc19_a,bivariate,single,20261006T163800Z-S-B-HBNN-gc19_a-seed17,0.020331686346592985,0.11914013200431152,0.14258922240686,avgmem,0.99,0.99,100.0,193.03575101277775,92.1603830041891,1.0,0.9245459186065538
20261006T163800Z,17,S-B-HBNN,gc19_a,bivariate,single,20261006T163800Z-S-B-HBNN-gc19_a-seed17,0.020331686346592985,0.11914013200431152,0.14258922240686,avgmem,0.995,0.995,100.0,200.84343448369165,93.77618192698982,0.5,1.007532451912636
20261006T164022Z,17,S-B-HBNN,gc19_b,bivariate,single,20261006T164022Z-S-B-HBNN-gc19_b-seed17,0.017521742314420764,0.11056549438703994,0.13236971826826846,avgcpu,0.9,0.9,93.53680430879713,134.48300299315787,98.14482345900657,3.53680430879713,0.5512650449572193
20261006T164022Z,17,S-B-HBNN,gc19_b,bivariate,single,20261006T164022Z-S-B-HBNN-gc19_b-seed17,0.017521742314420764,0.11056549438703994,0.13236971826826846,avgcpu,0.91,0.91,94.67384799521244,136.41901157639703,98.56373429084381,3.6738479952124408,0.5682046594660971
20261006T164022Z,17,S-B-HBNN,gc19_b,bivariate,single,20261006T164022Z-S-B-HBNN-gc19_b-seed17,0.017521742314420764,0.11056549438703994,0.13236971826826846,avgcpu,0.92,0.92,95.87073608617594,138.52222193686197,98.86295631358468,3.8707360861759383,0.5867342965729302
20261006T164022Z,17,S-B-HBNN,gc19_b,bivariate,single,20261006T164022Z-S-B-HBNN-gc19_b-seed17,0.017521742314420764,0.11056549438703994,0.13236971826826846,avgcpu,0.93,0.93,97.06762417713944,140.83481444344926,99.22202274087373,4.067624177139436,0.6072534371553221
20261006T164022Z,17,S-B-HBNN,gc19_b,bivariate,single,20261006T164022Z-S-B-HBNN-gc19_b-seed17,0.017521742314420764,0.11056549438703994,0.13236971826826846,avgcpu,0.94,0.94,98.08497905445842,143.4176179733842,99.70077797725912,4.084979054458415,0.630339232600506
20261006T164022Z,17,S-B-HBNN,gc19_b,bivariate,single,20261006T164022Z-S-B-HBNN-gc19_b-seed17,0.017521742314420764,0.11056549438703994,0.13236971826826846,avgcpu,0.95,0.95,98.8031119090365,146.36331898177883,99.88031119090365,3.8031119090365024,0.6568728161268055
20261006T164022Z,17,S-B-HBNN,gc19_b,bivariate,single,20261006T164022Z-S-B-HBNN-gc19_b-seed17,0.017521742314420764,0.11056549438703994,0.13236971826826846,avgcpu,0.96,0.96,99.46140035906643,149.82413854132523,99.88031119090365,3.461400359066431,0.6883043980324296
20261006T164022Z,17,S-B-HBNN,gc19_b,bivariate,single,20261006T164022Z-S-B-HBNN-gc19_b-seed17,0.017521742314420764,0.11056549438703994,0.13236971826826846,avgcpu,0.97,0.97,99.88031119090365,154.07877625209548,99.94015559545183,2.8803111909036545,0.7272956997259159
20261006T164022Z,17,S-B-HBNN,gc19_b,bivariate,single,20261006T164022Z-S-B-HBNN-gc19_b-seed17,0.017521742314420764,0.11056549438703994,0.13236971826826846,avgcpu,0.98,0.98,100.0,159.73457582950428,99.94015559545183,2.0,0.7796646731089897
20261006T164022Z,17,S-B-HBNN,gc19_b,bivariate,single,20261006T164022Z-S-B-HBNN-gc19_b-seed17,0.017521742314420764,0.11056549438703994,0.13236971826826846,avgcpu,0.99,0.99,100.0,168.64881598252867,100.0,1.0,0.863277214188798
20261006T164022Z,17,S-B-HBNN,gc19_b,bivariate,single,20261006T164022Z-S-B-HBNN-gc19_b-seed17,0.017521742314420764,0.11056549438703994,0.13236971826826846,avgcpu,0.995,0.995,100.0,176.8070912325258,100.0,0.5,0.9407643155278369
20261006T164022Z,17,S-B-HBNN,gc19_b,bivariate,single,20261006T164022Z-S-B-HBNN-gc19_b-seed17,0.017521742314420764,0.11056549438703994,0.13236971826826846,avgmem,0.9,0.9,93.05804907241173,126.73140246890802,93.89587073608617,3.058049072411734,0.5603537148741023
20261006T164022Z,17,S-B-HBNN,gc19_b,bivariate,single,20261006T164022Z-S-B-HBNN-gc19_b-seed17,0.017521742314420764,0.11056549438703994,0.13236971826826846,avgmem,0.91,0.91,94.67384799521244,128.2473203913739,94.67384799521244,3.6738479952124408,0.5775726116741371
20261006T164022Z,17,S-B-HBNN,gc19_b,bivariate,single,20261006T164022Z-S-B-HBNN-gc19_b-seed17,0.017521742314420764,0.11056549438703994,0.13236971826826846,avgmem,0.92,0.92,96.34949132256135,129.89415930921103,95.33213644524237,4.349491322561349,0.596407745668328
20261006T164022Z,17,S-B-HBNN,gc19_b,bivariate,single,20261006T164022Z-S-B-HBNN-gc19_b-seed17,0.017521742314420764,0.11056549438703994,0.13236971826826846,avgmem,0.93,0.93,97.60622381807302,131.7049469567692,95.63135846798325,4.606223818073019,0.6172651839487827
20261006T164022Z,17,S-B-HBNN,gc19_b,bivariate,single,20261006T164022Z-S-B-HBNN-gc19_b-seed17,0.017521742314420764,0.11056549438703994,0.13236971826826846,avgmem,0.94,0.94,98.68342309994016,133.72731307391,95.93058049072411,4.683423099940157,0.6407315933590443
20261006T164022Z,17,S-B-HBNN,gc19_b,bivariate,single,20261006T164022Z-S-B-HBNN-gc19_b-seed17,0.017521742314420764,0.11056549438703994,0.13236971826826846,avgmem,0.95,0.95,99.40155595451824,136.0338322657724,96.05026929982047,4.401555954518244,0.66770263430186
20261006T164022Z,17,S-B-HBNN,gc19_b,bivariate,single,20261006T164022Z-S-B-HBNN-gc19_b-seed17,0.017521742314420764,0.11056549438703994,0.13236971826826846,avgmem,0.96,0.96,100.0,138.74369545654366,96.64871334530221,4.0,0.6996524265956067
20261006T164022Z,17,S-B-HBNN,gc19_b,bivariate,single,20261006T164022Z-S-B-HBNN-gc19_b-seed17,0.017521742314420764,0.11056549438703994,0.13236971826826846,avgmem,0.97,0.97,100.0,142.07512777311175,97.78575703171754,3.0,0.739286575271617
20261006T164022Z,17,S-B-HBNN,gc19_b,bivariate,single,20261006T164022Z-S-B-HBNN-gc19_b-seed17,0.017521742314420764,0.11056549438703994,0.13236971826826846,avgmem,0.98,0.98,100.0,146.50368662326125,98.56373429084381,2.0,0.792518952415402
20261006T164022Z,17,S-B-HBNN,gc19_b,bivariate,single,20261006T164022Z-S-B-HBNN-gc19_b-seed17,0.017521742314420764,0.11056549438703994,0.13236971826826846,avgmem,0.99,0.99,100.0,153.48364349438526,99.64093357271095,1.0,0.8775100078663605
20261006T164022Z,17,S-B-HBNN,gc19_b,bivariate,single,20261006T164022Z-S-B-HBNN-gc19_b-seed17,0.017521742314420764,0.11056549438703994,0.13236971826826846,avgmem,0.995,0.995,100.0,159.8716707866967,99.88031119090365,0.5,0.9562746338613317
20261006T164239Z,17,S-B-HBNN,gc19_c,bivariate,single,20261006T164239Z-S-B-HBNN-gc19_c-seed17,0.032799015130546734,0.1634294092655182,0.18110498372641967,avgcpu,0.9,0.9,85.51765409934171,111.93678695515712,99.34171154997009,-4.482345900658288,0.651988135763041
20261006T164239Z,17,S-B-HBNN,gc19_c,bivariate,single,20261006T164239Z-S-B-HBNN-gc19_c-seed17,0.032799015130546734,0.1634294092655182,0.18110498372641967,avgcpu,0.91,0.91,89.82645122681029,113.41124090071266,99.46140035906643,-1.173548773189708,0.672022831931823
20261006T164239Z,17,S-B-HBNN,gc19_c,bivariate,single,20261006T164239Z-S-B-HBNN-gc19_c-seed17,0.032799015130546734,0.1634294092655182,0.18110498372641967,avgcpu,0.92,0.92,92.99820466786356,115.01303483962819,99.88031119090365,0.9982046678635612,0.6939380679225022
20261006T164239Z,17,S-B-HBNN,gc19_c,bivariate,single,20261006T164239Z-S-B-HBNN-gc19_c-seed17,0.032799015130546734,0.1634294092655182,0.18110498372641967,avgcpu,0.93,0.93,95.81089168162777,116.77429311881146,100.0,2.8108916816277656,0.7182063148178077
20261006T164239Z,17,S-B-HBNN,gc19_c,bivariate,single,20261006T164239Z-S-B-HBNN-gc19_c-seed17,0.032799015130546734,0.1634294092655182,0.18110498372641967,avgcpu,0.94,0.94,98.3243566726511,118.74134269094498,100.0,4.324356672651106,0.7455101768576733
20261006T164239Z,17,S-B-HBNN,gc19_c,bivariate,single,20261006T164239Z-S-B-HBNN-gc19_c-seed17,0.032799015130546734,0.1634294092655182,0.18110498372641967,avgcpu,0.95,0.95,99.34171154997009,120.98477307232667,100.0,4.341711549970086,0.7768917814354993
20261006T164239Z,17,S-B-HBNN,gc19_c,bivariate,single,20261006T164239Z-S-B-HBNN-gc19_c-seed17,0.032799015130546734,0.1634294092655182,0.18110498372641967,avgcpu,0.96,0.96,99.88031119090365,123.62051503060431,100.0,3.8803111909036545,0.8140663105992731
20261006T164239Z,17,S-B-HBNN,gc19_c,bivariate,single,20261006T164239Z-S-B-HBNN-gc19_c-seed17,0.032799015130546734,0.1634294092655182,0.18110498372641967,avgcpu,0.97,0.97,100.0,126.86082471407626,100.0,3.0,0.8601818158986947
20261006T164239Z,17,S-B-HBNN,gc19_c,bivariate,single,20261006T164239Z-S-B-HBNN-gc19_c-seed17,0.032799015130546734,0.1634294092655182,0.18110498372641967,avgcpu,0.98,0.98,100.0,131.16825189925402,100.0,2.0,0.9221192625773688
20261006T164239Z,17,S-B-HBNN,gc19_c,bivariate,single,20261006T164239Z-S-B-HBNN-gc19_c-seed17,0.032799015130546734,0.1634294092655182,0.18110498372641967,avgcpu,0.99,0.99,100.0,137.95729027390107,100.0,1.0,1.0210088716387693
20261006T164239Z,17,S-B-HBNN,gc19_c,bivariate,single,20261006T164239Z-S-B-HBNN-gc19_c-seed17,0.032799015130546734,0.1634294092655182,0.18110498372641967,avgcpu,0.995,0.995,100.0,144.17058975791505,100.0,0.5,1.112653845703182
20261006T164239Z,17,S-B-HBNN,gc19_c,bivariate,single,20261006T164239Z-S-B-HBNN-gc19_c-seed17,0.032799015130546734,0.1634294092655182,0.18110498372641967,avgmem,0.9,0.9,93.71633752244165,134.5339206216718,98.86295631358468,3.7163375224416484,1.0985844592360026
20261006T164239Z,17,S-B-HBNN,gc19_c,bivariate,single,20261006T164239Z-S-B-HBNN-gc19_c-seed17,0.032799015130546734,0.1634294092655182,0.18110498372641967,avgmem,0.91,0.91,94.91322561340515,137.52613830320038,99.16217833632555,3.913225613405146,1.1323424444649521
20261006T164239Z,17,S-B-HBNN,gc19_c,bivariate,single,20261006T164239Z-S-B-HBNN-gc19_c-seed17,0.032799015130546734,0.1634294092655182,0.18110498372641967,avgmem,0.92,0.92,96.22980251346499,140.77677638561437,99.58108916816278,4.229802513464989,1.1692690944440547
20261006T164239Z,17,S-B-HBNN,gc19_c,bivariate,single,20261006T164239Z-S-B-HBNN-gc19_c-seed17,0.032799015130546734,0.1634294092655182,0.18110498372641967,avgmem,0.93,0.93,97.18731298623578,144.35102716543452,99.94015559545183,4.187312986235781,1.2101605116795588
20261006T164239Z,17,S-B-HBNN,gc19_c,bivariate,single,20261006T164239Z-S-B-HBNN-gc19_c-seed17,0.032799015130546734,0.1634294092655182,0.18110498372641967,avgmem,0.94,0.94,98.26451226810293,148.34290533017676,99.94015559545183,4.2645122681029335,1.2561668680360523
20261006T164239Z,17,S-B-HBNN,gc19_c,bivariate,single,20261006T164239Z-S-B-HBNN-gc19_c-seed17,0.032799015130546734,0.1634294092655182,0.18110498372641967,avgmem,0.95,0.95,98.86295631358468,152.89566336964168,100.0,3.862956313584675,1.3090441233173031
20261006T164239Z,17,S-B-HBNN,gc19_c,bivariate,single,20261006T164239Z-S-B-HBNN-gc19_c-seed17,0.032799015130546734,0.1634294092655182,0.18110498372641967,avgmem,0.96,0.96,99.58108916816278,158.24456810503747,100.0,3.5810891681627766,1.3716823183681102
20261006T164239Z,17,S-B-HBNN,gc19_c,bivariate,single,20261006T164239Z-S-B-HBNN-gc19_c-seed17,0.032799015130546734,0.1634294092655182,0.18110498372641967,avgmem,0.97,0.97,99.94015559545183,164.82036652704926,100.0,2.9401555954518273,1.4493858449705828
20261006T164239Z,17,S-B-HBNN,gc19_c,bivariate,single,20261006T164239Z-S-B-HBNN-gc19_c-seed17,0.032799015130546734,0.1634294092655182,0.18110498372641967,avgmem,0.98,0.98,100.0,173.56174486866274,100.0,2.0,1.5537489654533145
20261006T164239Z,17,S-B-HBNN,gc19_c,bivariate,single,20261006T164239Z-S-B-HBNN-gc19_c-seed17,0.032799015130546734,0.1634294092655182,0.18110498372641967,avgmem,0.99,0.99,100.0,187.33923905654743,100.0,1.0,1.7203755982641025
20261006T164239Z,17,S-B-HBNN,gc19_c,bivariate,single,20261006T164239Z-S-B-HBNN-gc19_c-seed17,0.032799015130546734,0.1634294092655182,0.18110498372641967,avgmem,0.995,0.995,100.0,199.94834402909666,100.0,0.5,1.8747951938851517
20261006T164507Z,17,S-B-HBNN,gc19_d,bivariate,single,20261006T164507Z-S-B-HBNN-gc19_d-seed17,0.0245793644121868,0.134036374834039,0.15677807376092742,avgcpu,0.9,0.9,95.09275882704968,122.1322903742236,99.7606223818073,5.092758827049678,0.6942089948442748
20261006T164507Z,17,S-B-HBNN,gc19_d,bivariate,single,20261006T164507Z-S-B-HBNN-gc19_d-seed17,0.0245793644121868,0.134036374834039,0.15677807376092742,avgcpu,0.91,0.91,97.00777977259126,123.85051730130435,99.88031119090365,6.007779772591263,0.7155410797802425
20261006T164507Z,17,S-B-HBNN,gc19_d,bivariate,single,20261006T164507Z-S-B-HBNN-gc19_d-seed17,0.0245793644121868,0.134036374834039,0.15677807376092742,avgcpu,0.92,0.92,98.44404548174745,125.7171374733182,100.0,6.444045481747452,0.7388754828381437
20261006T164507Z,17,S-B-HBNN,gc19_d,bivariate,single,20261006T164507Z-S-B-HBNN-gc19_d-seed17,0.0245793644121868,0.134036374834039,0.15677807376092742,avgcpu,0.93,0.93,99.22202274087373,127.76958638836138,100.0,6.222022740873726,0.7647152709565362
20261006T164507Z,17,S-B-HBNN,gc19_d,bivariate,single,20261006T164507Z-S-B-HBNN-gc19_d-seed17,0.0245793644121868,0.134036374834039,0.15677807376092742,avgcpu,0.94,0.94,99.58108916816278,130.06185028166936,100.0,5.581089168162777,0.7937872518444687
20261006T164507Z,17,S-B-HBNN,gc19_d,bivariate,single,20261006T164507Z-S-B-HBNN-gc19_d-seed17,0.0245793644121868,0.134036374834039,0.15677807376092742,avgcpu,0.95,0.95,99.7606223818073,132.67618930659475,100.0,4.760622381807295,0.8272010380402515
20261006T164507Z,17,S-B-HBNN,gc19_d,bivariate,single,20261006T164507Z-S-B-HBNN-gc19_d-seed17,0.0245793644121868,0.134036374834039,0.15677807376092742,avgcpu,0.96,0.96,100.0,135.74770118338162,100.0,4.0,0.8667828818024698
20261006T164507Z,17,S-B-HBNN,gc19_d,bivariate,single,20261006T164507Z-S-B-HBNN-gc19_d-seed17,0.0245793644121868,0.134036374834039,0.15677807376092742,avgcpu,0.97,0.97,100.0,139.52373458680154,100.0,3.0,0.9158846933610196
20261006T164507Z,17,S-B-HBNN,gc19_d,bivariate,single,20261006T164507Z-S-B-HBNN-gc19_d-seed17,0.0245793644121868,0.134036374834039,0.15677807376092742,avgcpu,0.98,0.98,100.0,144.5433131218391,100.0,2.0,0.9818330292946205
20261006T164507Z,17,S-B-HBNN,gc19_d,bivariate,single,20261006T164507Z-S-B-HBNN-gc19_d-seed17,0.0245793644121868,0.134036374834039,0.15677807376092742,avgcpu,0.99,0.99,100.0,152.4547901669277,100.0,1.0,1.0871264423821378
20261006T164507Z,17,S-B-HBNN,gc19_d,bivariate,single,20261006T164507Z-S-B-HBNN-gc19_d-seed17,0.0245793644121868,0.134036374834039,0.15677807376092742,avgcpu,0.995,0.995,100.0,159.6953408207003,100.0,0.5,1.1847060789399846
20261006T164507Z,17,S-B-HBNN,gc19_d,bivariate,single,20261006T164507Z-S-B-HBNN-gc19_d-seed17,0.0245793644121868,0.134036374834039,0.15677807376092742,avgmem,0.9,0.9,88.33034111310593,149.7878207257651,95.69120287253142,-1.6696588868940694,0.8678403060515296
20261006T164507Z,17,S-B-HBNN,gc19_d,bivariate,single,20261006T164507Z-S-B-HBNN-gc19_d-seed17,0.0245793644121868,0.134036374834039,0.15677807376092742,avgmem,0.91,0.91,89.82645122681029,152.79147690674716,96.8880909634949,-1.173548773189708,0.8945078417029517
20261006T164507Z,17,S-B-HBNN,gc19_d,bivariate,single,20261006T164507Z-S-B-HBNN-gc19_d-seed17,0.0245793644121868,0.134036374834039,0.15677807376092742,avgmem,0.92,0.92,91.2627169359665,156.05454136514257,97.90544584081388,-0.7372830640335053,0.9236785030480144
20261006T164507Z,17,S-B-HBNN,gc19_d,bivariate,single,20261006T164507Z-S-B-HBNN-gc19_d-seed17,0.0245793644121868,0.134036374834039,0.15677807376092742,avgmem,0.93,0.93,92.69898264512268,159.64245561130875,98.44404548174745,-0.30101735487731673,0.9559811810535086
20261006T164507Z,17,S-B-HBNN,gc19_d,bivariate,single,20261006T164507Z-S-B-HBNN-gc19_d-seed17,0.0245793644121868,0.134036374834039,0.15677807376092742,avgmem,0.94,0.94,93.89587073608617,163.64959372738653,99.2818671454219,-0.10412926391383337,0.9923244681308637
20261006T164507Z,17,S-B-HBNN,gc19_d,bivariate,single,20261006T164507Z-S-B-HBNN-gc19_d-seed17,0.0245793644121868,0.134036374834039,0.15677807376092742,avgmem,0.95,0.95,95.69120287253142,168.21975582159908,99.70077797725912,0.6912028725314201,1.0340955063251946
20261006T164507Z,17,S-B-HBNN,gc19_d,bivariate,single,20261006T164507Z-S-B-HBNN-gc19_d-seed17,0.0245793644121868,0.134036374834039,0.15677807376092742,avgmem,0.96,0.96,97.90544584081388,173.58910808134112,99.94015559545183,1.9054458408138828,1.0835773189490614
20261006T164507Z,17,S-B-HBNN,gc19_d,bivariate,single,20261006T164507Z-S-B-HBNN-gc19_d-seed17,0.0245793644121868,0.134036374834039,0.15677807376092742,avgmem,0.97,0.97,99.2818671454219,180.19004413525735,100.0,2.2818671454218986,1.144960175534225
20261006T164507Z,17,S-B-HBNN,gc19_d,bivariate,single,20261006T164507Z-S-B-HBNN-gc19_d-seed17,0.0245793644121868,0.134036374834039,0.15677807376092742,avgmem,0.98,0.98,99.94015559545183,188.96483857891457,100.0,1.9401555954518273,1.2274031062154152
20261006T164507Z,17,S-B-HBNN,gc19_d,bivariate,single,20261006T164507Z-S-B-HBNN-gc19_d-seed17,0.0245793644121868,0.134036374834039,0.15677807376092742,avgmem,0.99,0.99,100.0,202.79500067953524,100.0,1.0,1.3590318642950756
20261006T164507Z,17,S-B-HBNN,gc19_d,bivariate,single,20261006T164507Z-S-B-HBNN-gc19_d-seed17,0.0245793644121868,0.134036374834039,0.15677807376092742,avgmem,0.995,0.995,100.0,215.4523071052165,100.0,0.5,1.4810175232013754
20261006T164746Z,17,S-B-HBNN,gc19_e,bivariate,single,20261006T164746Z-S-B-HBNN-gc19_e-seed17,0.035833110714193823,0.16049732790422752,0.18929635684342638,avgcpu,0.9,0.9,85.3381208856972,136.88008761989218,96.58886894075404,-4.661879114302806,0.6983958993768956
20261006T164746Z,17,S-B-HBNN,gc19_e,bivariate,single,20261006T164746Z-S-B-HBNN-gc19_e-seed17,0.035833110714193823,0.16049732790422752,0.18929635684342638,avgcpu,0.91,0.91,87.61220825852783,138.99693187543062,97.54637941352483,-3.3877917414721708,0.7198566421144362
20261006T164746Z,17,S-B-HBNN,gc19_e,bivariate,single,20261006T164746Z-S-B-HBNN-gc19_e-seed17,0.035833110714193823,0.16049732790422752,0.18929635684342638,avgcpu,0.92,0.92,89.64691801316576,141.296595631203,98.3243566726511,-2.3530819868342405,0.7433317793297091
20261006T164746Z,17,S-B-HBNN,gc19_e,bivariate,single,20261006T164746Z-S-B-HBNN-gc19_e-seed17,0.035833110714193823,0.16049732790422752,0.18929635684342638,avgcpu,0.93,0.93,91.80131657690006,143.82519917426166,99.22202274087373,-1.1986834230999364,0.7693274120522456
20261006T164746Z,17,S-B-HBNN,gc19_e,bivariate,single,20261006T164746Z-S-B-HBNN-gc19_e-seed17,0.035833110714193823,0.16049732790422752,0.18929635684342638,avgcpu,0.94,0.94,94.49431478156792,146.6492531907886,99.70077797725912,0.4943147815679225,0.7985747315045819
20261006T164746Z,17,S-B-HBNN,gc19_e,bivariate,single,20261006T164746Z-S-B-HBNN-gc19_e-seed17,0.035833110714193823,0.16049732790422752,0.18929635684342638,avgcpu,0.95,0.95,97.06762417713944,149.8701016478348,100.0,2.067624177139436,0.8321900425061709
20261006T164746Z,17,S-B-HBNN,gc19_e,bivariate,single,20261006T164746Z-S-B-HBNN-gc19_e-seed17,0.035833110714193823,0.16049732790422752,0.18929635684342638,avgcpu,0.96,0.96,98.68342309994016,153.65418404680003,100.0,2.683423099940157,0.8720106117851835
20261006T164746Z,17,S-B-HBNN,gc19_e,bivariate,single,20261006T164746Z-S-B-HBNN-gc19_e-seed17,0.035833110714193823,0.16049732790422752,0.18929635684342638,avgcpu,0.97,0.97,99.7606223818073,158.30623232562147,100.0,2.760622381807295,0.9214085655702117
20261006T164746Z,17,S-B-HBNN,gc19_e,bivariate,single,20261006T164746Z-S-B-HBNN-gc19_e-seed17,0.035833110714193823,0.16049732790422752,0.18929635684342638,avgcpu,0.98,0.98,100.0,164.49032001488334,100.0,2.0,0.9877546482755913
20261006T164746Z,17,S-B-HBNN,gc19_e,bivariate,single,20261006T164746Z-S-B-HBNN-gc19_e-seed17,0.035833110714193823,0.16049732790422752,0.18929635684342638,avgcpu,0.99,0.99,100.0,174.23720761847449,100.0,1.0,1.0936831056679008
20261006T164746Z,17,S-B-HBNN,gc19_e,bivariate,single,20261006T164746Z-S-B-HBNN-gc19_e-seed17,0.035833110714193823,0.16049732790422752,0.18929635684342638,avgcpu,0.995,0.995,100.0,183.15751832761595,100.0,0.5,1.1918512632988394
20261006T164746Z,17,S-B-HBNN,gc19_e,bivariate,single,20261006T164746Z-S-B-HBNN-gc19_e-seed17,0.035833110714193823,0.16049732790422752,0.18929635684342638,avgmem,0.9,0.9,92.04069419509275,152.3922123675409,93.53680430879713,2.0406941950927546,0.5171662001702382
20261006T164746Z,17,S-B-HBNN,gc19_e,bivariate,single,20261006T164746Z-S-B-HBNN-gc19_e-seed17,0.035833110714193823,0.16049732790422752,0.18929635684342638,avgmem,0.91,0.91,92.28007181328546,155.49604934917514,93.77618192698982,1.2800718132854598,0.5330580042090464
20261006T164746Z,17,S-B-HBNN,gc19_e,bivariate,single,20261006T164746Z-S-B-HBNN-gc19_e-seed17,0.035833110714193823,0.16049732790422752,0.18929635684342638,avgmem,0.92,0.92,92.45960502692998,158.867946640067,94.13524835427887,0.45960502692997807,0.5504414790016809
20261006T164746Z,17,S-B-HBNN,gc19_e,bivariate,single,20261006T164746Z-S-B-HBNN-gc19_e-seed17,0.035833110714193823,0.16049732790422752,0.18929635684342638,avgmem,0.93,0.93,92.69898264512268,162.57552841813256,94.85338120885697,-0.30101735487731673,0.56969139528574
20261006T164746Z,17,S-B-HBNN,gc19_e,bivariate,single,20261006T164746Z-S-B-HBNN-gc19_e-seed17,0.035833110714193823,0.16049732790422752,0.18929635684342638,avgmem,0.94,0.94,92.99820466786356,166.7163164197513,95.45182525433871,-1.0017953321364388,0.5913492043877476
20261006T164746Z,17,S-B-HBNN,gc19_e,bivariate,single,20261006T164746Z-S-B-HBNN-gc19_e-seed17,0.035833110714193823,0.16049732790422752,0.18929635684342638,avgmem,0.95,0.95,93.5966487133453,171.4389069112642,96.8880909634949,-1.403351286654697,0.6162415364786765
20261006T164746Z,17,S-B-HBNN,gc19_e,bivariate,single,20261006T164746Z-S-B-HBNN-gc19_e-seed17,0.035833110714193823,0.16049732790422752,0.18929635684342638,avgmem,0.96,0.96,94.13524835427887,176.98734291959587,97.24715739078397,-1.8647516457211282,0.6457288981900158
20261006T164746Z,17,S-B-HBNN,gc19_e,bivariate,single,20261006T164746Z-S-B-HBNN-gc19_e-seed17,0.035833110714193823,0.16049732790422752,0.18929635684342638,avgmem,0.97,0.97,95.45182525433871,183.8084396773644,97.54637941352483,-1.548174745661285,0.6823083684847026
20261006T164746Z,17,S-B-HBNN,gc19_e,bivariate,single,20261006T164746Z-S-B-HBNN-gc19_e-seed17,0.035833110714193823,0.16049732790422752,0.18929635684342638,avgmem,0.98,0.98,97.24715739078397,192.87589941956338,97.84560143626571,-0.7528426092160316,0.7314380262039624
20261006T164746Z,17,S-B-HBNN,gc19_e,bivariate,single,20261006T164746Z-S-B-HBNN-gc19_e-seed17,0.035833110714193823,0.16049732790422752,0.18929635684342638,avgmem,0.99,0.99,97.84560143626571,207.16733825390688,99.7606223818073,-1.15439856373429,0.8098786611623754
20261006T164746Z,17,S-B-HBNN,gc19_e,bivariate,single,20261006T164746Z-S-B-HBNN-gc19_e-seed17,0.035833110714193823,0.16049732790422752,0.18929635684342638,avgmem,0.995,0.995,99.7606223818073,220.24680321419456,100.0,0.2606223818072948,0.8825727492934791
20261006T165024Z,17,S-B-HBNN,gc19_f,bivariate,single,20261006T165024Z-S-B-HBNN-gc19_f-seed17,0.02988599282423783,0.12996470886279837,0.17287565711874484,avgcpu,0.9,0.9,86.05625374027528,129.6075951935667,93.89587073608617,-3.943746259724719,0.7255063413690683
20261006T165024Z,17,S-B-HBNN,gc19_f,bivariate,single,20261006T165024Z-S-B-HBNN-gc19_f-seed17,0.02988599282423783,0.12996470886279837,0.17287565711874484,avgcpu,0.91,0.91,87.672052663076,132.0093177199706,95.03291442250149,-3.327947336923998,0.7478001505974262
20261006T165024Z,17,S-B-HBNN,gc19_f,bivariate,single,20261006T165024Z-S-B-HBNN-gc19_f-seed17,0.02988599282423783,0.12996470886279837,0.17287565711874484,avgcpu,0.92,0.92,89.28785158587672,134.6184630224379,96.11011370436864,-2.712148414123277,0.7721865493855414
20261006T165024Z,17,S-B-HBNN,gc19_f,bivariate,single,20261006T165024Z-S-B-HBNN-gc19_f-seed17,0.02988599282423783,0.12996470886279837,0.17287565711874484,avgcpu,0.93,0.93,90.60442848593657,137.4873581118237,97.24715739078397,-2.395571514063434,0.7991912846724013
20261006T165024Z,17,S-B-HBNN,gc19_f,bivariate,single,20261006T165024Z-S-B-HBNN-gc19_f-seed17,0.02988599282423783,0.12996470886279837,0.17287565711874484,avgcpu,0.94,0.94,91.98084979054458,140.69146447417344,98.08497905445842,-2.019150209455418,0.8295739311765522
20261006T165024Z,17,S-B-HBNN,gc19_f,bivariate,single,20261006T165024Z-S-B-HBNN-gc19_f-seed17,0.02988599282423783,0.12996470886279837,0.17287565711874484,avgcpu,0.95,0.95,93.89587073608617,144.34576463025812,98.8031119090365,-1.1041292639138334,0.8644941266137036
20261006T165024Z,17,S-B-HBNN,gc19_f,bivariate,single,20261006T165024Z-S-B-HBNN-gc19_f-seed17,0.02988599282423783,0.12996470886279837,0.17287565711874484,avgcpu,0.96,0.96,96.11011370436864,148.63909698835906,99.5212447636146,0.11011370436864354,0.905860457021178
20261006T165024Z,17,S-B-HBNN,gc19_f,bivariate,single,20261006T165024Z-S-B-HBNN-gc19_f-seed17,0.02988599282423783,0.12996470886279837,0.17287565711874484,avgcpu,0.97,0.97,98.08497905445842,153.9172033563318,99.94015559545183,1.0849790544584152,0.9571759483544878
20261006T165024Z,17,S-B-HBNN,gc19_f,bivariate,single,20261006T165024Z-S-B-HBNN-gc19_f-seed17,0.02988599282423783,0.12996470886279837,0.17287565711874484,avgcpu,0.98,0.98,99.5212447636146,160.93352620091412,100.0,1.5212447636146038,1.0260974637452498
20261006T165024Z,17,S-B-HBNN,gc19_f,bivariate,single,20261006T165024Z-S-B-HBNN-gc19_f-seed17,0.02988599282423783,0.12996470886279837,0.17287565711874484,avgcpu,0.99,0.99,100.0,171.99211941514073,100.0,1.0,1.1361378686762211
20261006T165024Z,17,S-B-HBNN,gc19_f,bivariate,single,20261006T165024Z-S-B-HBNN-gc19_f-seed17,0.02988599282423783,0.12996470886279837,0.17287565711874484,avgcpu,0.995,0.995,100.0,182.11289760494546,100.0,0.5,1.2381167333077396
20261006T165024Z,17,S-B-HBNN,gc19_f,bivariate,single,20261006T165024Z-S-B-HBNN-gc19_f-seed17,0.02988599282423783,0.12996470886279837,0.17287565711874484,avgmem,0.9,0.9,93.71633752244165,143.12538793421925,98.20466786355476,3.7163375224416484,1.1898383801317705
20261006T165024Z,17,S-B-HBNN,gc19_f,bivariate,single,20261006T165024Z-S-B-HBNN-gc19_f-seed17,0.02988599282423783,0.12996470886279837,0.17287565711874484,avgmem,0.91,0.91,94.3147815679234,146.67060546371633,98.68342309994016,3.3147815679234043,1.2264004724894746
20261006T165024Z,17,S-B-HBNN,gc19_f,bivariate,single,20261006T165024Z-S-B-HBNN-gc19_f-seed17,0.02988599282423783,0.12996470886279837,0.17287565711874484,avgmem,0.92,0.92,95.39198084979054,150.5220027677847,98.86295631358468,3.391980849790542,1.266394434742849
20261006T165024Z,17,S-B-HBNN,gc19_f,bivariate,single,20261006T165024Z-S-B-HBNN-gc19_f-seed17,0.02988599282423783,0.12996470886279837,0.17287565711874484,avgmem,0.93,0.93,96.4691801316577,154.7568205077039,99.10233393177738,3.4691801316576942,1.3106824976548448
20261006T165024Z,17,S-B-HBNN,gc19_f,bivariate,single,20261006T165024Z-S-B-HBNN-gc19_f-seed17,0.02988599282423783,0.12996470886279837,0.17287565711874484,avgmem,0.94,0.94,97.24715739078397,159.4864484798343,99.46140035906643,3.2471573907839684,1.3605103721189014
20261006T165024Z,17,S-B-HBNN,gc19_f,bivariate,single,20261006T165024Z-S-B-HBNN-gc19_f-seed17,0.02988599282423783,0.12996470886279837,0.17287565711874484,avgmem,0.95,0.95,98.20466786355476,164.88061405432038,99.70077797725912,3.2046678635547607,1.4177798767443457
20261006T165024Z,17,S-B-HBNN,gc19_f,bivariate,single,20261006T165024Z-S-B-HBNN-gc19_f-seed17,0.02988599282423783,0.12996470886279837,0.17287565711874484,avgmem,0.96,0.96,98.86295631358468,171.21806435033218,99.88031119090365,2.862956313584675,1.4856211136260877
20261006T165024Z,17,S-B-HBNN,gc19_f,bivariate,single,20261006T165024Z-S-B-HBNN-gc19_f-seed17,0.02988599282423783,0.12996470886279837,0.17287565711874484,avgmem,0.97,0.97,99.46140035906643,179.00915387569262,100.0,2.461400359066431,1.5697790838630854
20261006T165024Z,17,S-B-HBNN,gc19_f,bivariate,single,20261006T165024Z-S-B-HBNN-gc19_f-seed17,0.02988599282423783,0.12996470886279837,0.17287565711874484,avgmem,0.98,0.98,99.88031119090365,189.3660500065995,100.0,1.8803111909036545,1.6828111272136954
20261006T165024Z,17,S-B-HBNN,gc19_f,bivariate,single,20261006T165024Z-S-B-HBNN-gc19_f-seed17,0.02988599282423783,0.12996470886279837,0.17287565711874484,avgmem,0.99,0.99,100.0,205.68980018325132,100.0,1.0,1.8632786017019802
20261006T165024Z,17,S-B-HBNN,gc19_f,bivariate,single,20261006T165024Z-S-B-HBNN-gc19_f-seed17,0.02988599282423783,0.12996470886279837,0.17287565711874484,avgmem,0.995,0.995,100.0,220.62922797151123,100.0,0.5,2.0305250614253665
20261006T165241Z,17,S-B-HBNN,gc19_g,bivariate,single,20261006T165241Z-S-B-HBNN-gc19_g-seed17,0.019049157654856447,0.11064609043402703,0.1380186858901955,avgcpu,0.9,0.9,100.0,178.98632339239694,100.0,10.0,1.6235110909983856
20261006T165241Z,17,S-B-HBNN,gc19_g,bivariate,single,20261006T165241Z-S-B-HBNN-gc19_g-seed17,0.019049157654856447,0.11064609043402703,0.1380186858901955,avgcpu,0.91,0.91,100.0,182.7571639427678,100.0,9.0,1.6733993476255304
20261006T165241Z,17,S-B-HBNN,gc19_g,bivariate,single,20261006T165241Z-S-B-HBNN-gc19_g-seed17,0.019049157654856447,0.11064609043402703,0.1380186858901955,avgcpu,0.92,0.92,100.0,186.85367001296942,100.0,8.0,1.7279703232937833
20261006T165241Z,17,S-B-HBNN,gc19_g,bivariate,single,20261006T165241Z-S-B-HBNN-gc19_g-seed17,0.019049157654856447,0.11064609043402703,0.1380186858901955,avgcpu,0.93,0.93,100.0,191.35799797712184,100.0,7.0,1.7884005149375388
20261006T165241Z,17,S-B-HBNN,gc19_g,bivariate,single,20261006T165241Z-S-B-HBNN-gc19_g-seed17,0.019049157654856447,0.11064609043402703,0.1380186858901955,avgcpu,0.94,0.94,100.0,196.38862664717908,100.0,6.0,1.8563896705943876
20261006T165241Z,17,S-B-HBNN,gc19_g,bivariate,single,20261006T165241Z-S-B-HBNN-gc19_g-seed17,0.019049157654856447,0.11064609043402703,0.1380186858901955,avgcpu,0.95,0.95,100.0,202.12608510055983,100.0,5.0,1.934532784388628
20261006T165241Z,17,S-B-HBNN,gc19_g,bivariate,single,20261006T165241Z-S-B-HBNN-gc19_g-seed17,0.019049157654856447,0.11064609043402703,0.1380186858901955,avgcpu,0.96,0.96,100.0,208.86686034589465,100.0,4.0,2.027100819126556
20261006T165241Z,17,S-B-HBNN,gc19_g,bivariate,single,20261006T165241Z-S-B-HBNN-gc19_g-seed17,0.019049157654856447,0.11064609043402703,0.1380186858901955,avgcpu,0.97,0.97,100.0,217.15378662597718,100.0,3.0,2.1419327159263095
20261006T165241Z,17,S-B-HBNN,gc19_g,bivariate,single,20261006T165241Z-S-B-HBNN-gc19_g-seed17,0.019049157654856447,0.11064609043402703,0.1380186858901955,avgcpu,0.98,0.98,100.0,228.1698113357339,100.0,2.0,2.2961627181536732
20261006T165241Z,17,S-B-HBNN,gc19_g,bivariate,single,20261006T165241Z-S-B-HBNN-gc19_g-seed17,0.019049157654856447,0.11064609043402703,0.1380186858901955,avgcpu,0.99,0.99,100.0,245.5324297330806,100.0,1.0,2.5424070411547106
20261006T165241Z,17,S-B-HBNN,gc19_g,bivariate,single,20261006T165241Z-S-B-HBNN-gc19_g-seed17,0.019049157654856447,0.11064609043402703,0.1380186858901955,avgcpu,0.995,0.995,100.0,261.4226253655328,100.0,0.5,2.770611549283841
20261006T165241Z,17,S-B-HBNN,gc19_g,bivariate,single,20261006T165241Z-S-B-HBNN-gc19_g-seed17,0.019049157654856447,0.11064609043402703,0.1380186858901955,avgmem,0.9,0.9,99.94015559545183,167.2862770549426,100.0,9.940155595451827,2.3086967012896955
20261006T165241Z,17,S-B-HBNN,gc19_g,bivariate,single,20261006T165241Z-S-B-HBNN-gc19_g-seed17,0.019049157654856447,0.11064609043402703,0.1380186858901955,avgmem,0.91,0.91,100.0,175.07081163997745,100.0,9.0,2.3796397666908407
20261006T165241Z,17,S-B-HBNN,gc19_g,bivariate,single,20261006T165241Z-S-B-HBNN-gc19_g-seed17,0.019049157654856447,0.11064609043402703,0.1380186858901955,avgmem,0.92,0.92,100.0,183.52765110463034,100.0,8.0,2.457241842962447
20261006T165241Z,17,S-B-HBNN,gc19_g,bivariate,single,20261006T165241Z-S-B-HBNN-gc19_g-seed17,0.019049157654856447,0.11064609043402703,0.1380186858901955,avgmem,0.93,0.93,100.0,192.82639931498238,100.0,7.0,2.5431759550727913
20261006T165241Z,17,S-B-HBNN,gc19_g,bivariate,single,20261006T165241Z-S-B-HBNN-gc19_g-seed17,0.019049157654856447,0.11064609043402703,0.1380186858901955,avgmem,0.94,0.94,100.0,203.2116442871352,100.0,6.0,2.639859211663241
20261006T165241Z,17,S-B-HBNN,gc19_g,bivariate,single,20261006T165241Z-S-B-HBNN-gc19_g-seed17,0.019049157654856447,0.11064609043402703,0.1380186858901955,avgmem,0.95,0.95,100.0,215.05607079202932,100.0,5.0,2.750981796563062
20261006T165241Z,17,S-B-HBNN,gc19_g,bivariate,single,20261006T165241Z-S-B-HBNN-gc19_g-seed17,0.019049157654856447,0.11064609043402703,0.1380186858901955,avgmem,0.96,0.96,100.0,228.97174750291424,100.0,4.0,2.8826171870628583
20261006T165241Z,17,S-B-HBNN,gc19_g,bivariate,single,20261006T165241Z-S-B-HBNN-gc19_g-seed17,0.019049157654856447,0.11064609043402703,0.1380186858901955,avgmem,0.97,0.97,100.0,246.07930306492065,100.0,3.0,3.0459126661109255
20261006T165241Z,17,S-B-HBNN,gc19_g,bivariate,single,20261006T165241Z-S-B-HBNN-gc19_g-seed17,0.019049157654856447,0.11064609043402703,0.1380186858901955,avgmem,0.98,0.98,100.0,268.8208176416284,100.0,2.0,3.265233802477939
20261006T165241Z,17,S-B-HBNN,gc19_g,bivariate,single,20261006T165241Z-S-B-HBNN-gc19_g-seed17,0.019049157654856447,0.11064609043402703,0.1380186858901955,avgmem,0.99,0.99,100.0,304.6642593346522,100.0,1.0,3.615402926283681
20261006T165241Z,17,S-B-HBNN,gc19_g,bivariate,single,20261006T165241Z-S-B-HBNN-gc19_g-seed17,0.019049157654856447,0.11064609043402703,0.1380186858901955,avgmem,0.995,0.995,100.0,337.4680270388123,100.0,0.5,3.9399187229778505
20261006T165355Z,17,S-B-HBNN,gc19_h,bivariate,single,20261006T165355Z-S-B-HBNN-gc19_h-seed17,0.04912812016871719,0.18632379885849876,0.22164864125168282,avgcpu,0.9,0.9,100.0,136.27756068698415,100.0,10.0,1.1072131005804748
20261006T165355Z,17,S-B-HBNN,gc19_h,bivariate,single,20261006T165355Z-S-B-HBNN-gc19_h-seed17,0.04912812016871719,0.18632379885849876,0.22164864125168282,avgcpu,0.91,0.91,100.0,139.01476677947178,100.0,9.0,1.1412362320570373
20261006T165355Z,17,S-B-HBNN,gc19_h,bivariate,single,20261006T165355Z-S-B-HBNN-gc19_h-seed17,0.04912812016871719,0.18632379885849876,0.22164864125168282,avgcpu,0.92,0.92,100.0,141.9883694082452,100.0,8.0,1.178452916012175
20261006T165355Z,17,S-B-HBNN,gc19_h,bivariate,single,20261006T165355Z-S-B-HBNN-gc19_h-seed17,0.04912812016871719,0.18632379885849876,0.22164864125168282,avgcpu,0.93,0.93,100.0,145.25800485990277,100.0,7.0,1.219665507801375
20261006T165355Z,17,S-B-HBNN,gc19_h,bivariate,single,20261006T165355Z-S-B-HBNN-gc19_h-seed17,0.04912812016871719,0.18632379885849876,0.22164864125168282,avgcpu,0.94,0.94,100.0,148.90967542533397,100.0,6.0,1.266033213114909
20261006T165355Z,17,S-B-HBNN,gc19_h,bivariate,single,20261006T165355Z-S-B-HBNN-gc19_h-seed17,0.04912812016871719,0.18632379885849876,0.22164864125168282,avgcpu,0.95,0.95,100.0,153.0744249086935,100.0,5.0,1.319325783638667
20261006T165355Z,17,S-B-HBNN,gc19_h,bivariate,single,20261006T165355Z-S-B-HBNN-gc19_h-seed17,0.04912812016871719,0.18632379885849876,0.22164864125168282,avgcpu,0.96,0.96,100.0,157.96746952915768,100.0,4.0,1.382455959542666
20261006T165355Z,17,S-B-HBNN,gc19_h,bivariate,single,20261006T165355Z-S-B-HBNN-gc19_h-seed17,0.04912812016871719,0.18632379885849876,0.22164864125168282,avgcpu,0.97,0.97,100.0,163.98284588857615,100.0,3.0,1.4607697950354717
20261006T165355Z,17,S-B-HBNN,gc19_h,bivariate,single,20261006T165355Z-S-B-HBNN-gc19_h-seed17,0.04912812016871719,0.18632379885849876,0.22164864125168282,avgcpu,0.98,0.98,100.0,171.9792407368215,100.0,2.0,1.5659526175708445
20261006T165355Z,17,S-B-HBNN,gc19_h,bivariate,single,20261006T165355Z-S-B-HBNN-gc19_h-seed17,0.04912812016871719,0.18632379885849876,0.22164864125168282,avgcpu,0.99,0.99,100.0,184.58254873245681,100.0,1.0,1.7338879904069202
20261006T165355Z,17,S-B-HBNN,gc19_h,bivariate,single,20261006T165355Z-S-B-HBNN-gc19_h-seed17,0.04912812016871719,0.18632379885849876,0.22164864125168282,avgcpu,0.995,0.995,100.0,196.11704342003793,100.0,0.5,1.889520447994085
20261006T165355Z,17,S-B-HBNN,gc19_h,bivariate,single,20261006T165355Z-S-B-HBNN-gc19_h-seed17,0.04912812016871719,0.18632379885849876,0.22164864125168282,avgmem,0.9,0.9,96.16995810891682,138.97628177856708,100.0,6.169958108916816,1.1499859343026437
20261006T165355Z,17,S-B-HBNN,gc19_h,bivariate,single,20261006T165355Z-S-B-HBNN-gc19_h-seed17,0.04912812016871719,0.18632379885849876,0.22164864125168282,avgmem,0.91,0.91,97.48653500897666,142.10315348314643,100.0,6.486535008976659,1.1853234159658066
20261006T165355Z,17,S-B-HBNN,gc19_h,bivariate,single,20261006T165355Z-S-B-HBNN-gc19_h-seed17,0.04912812016871719,0.18632379885849876,0.22164864125168282,avgmem,0.92,0.92,98.20466786355476,145.50007487174537,100.0,6.204667863554761,1.2239778204768783
20261006T165355Z,17,S-B-HBNN,gc19_h,bivariate,single,20261006T165355Z-S-B-HBNN-gc19_h-seed17,0.04912812016871719,0.18632379885849876,0.22164864125168282,avgmem,0.93,0.93,98.86295631358468,149.23517198633138,100.0,5.862956313584675,1.266782499042269
20261006T165355Z,17,S-B-HBNN,gc19_h,bivariate,single,20261006T165355Z-S-B-HBNN-gc19_h-seed17,0.04912812016871719,0.18632379885849876,0.22164864125168282,avgmem,0.94,0.94,99.7606223818073,153.40669030818157,100.0,5.760622381807295,1.3149414387156695
20261006T165355Z,17,S-B-HBNN,gc19_h,bivariate,single,20261006T165355Z-S-B-HBNN-gc19_h-seed17,0.04912812016871719,0.18632379885849876,0.22164864125168282,avgmem,0.95,0.95,100.0,158.16432889152378,100.0,5.0,1.370292758595305
20261006T165355Z,17,S-B-HBNN,gc19_h,bivariate,single,20261006T165355Z-S-B-HBNN-gc19_h-seed17,0.04912812016871719,0.18632379885849876,0.22164864125168282,avgmem,0.96,0.96,100.0,163.75394189690365,100.0,4.0,1.4358617211388207
20261006T165355Z,17,S-B-HBNN,gc19_h,bivariate,single,20261006T165355Z-S-B-HBNN-gc19_h-seed17,0.04912812016871719,0.18632379885849876,0.22164864125168282,avgmem,0.97,0.97,100.0,170.6256605381431,100.0,3.0,1.51720090438259
20261006T165355Z,17,S-B-HBNN,gc19_h,bivariate,single,20261006T165355Z-S-B-HBNN-gc19_h-seed17,0.04912812016871719,0.18632379885849876,0.22164864125168282,avgmem,0.98,0.98,100.0,179.760413254881,100.0,2.0,1.6264470525563386
20261006T165355Z,17,S-B-HBNN,gc19_h,bivariate,single,20261006T165355Z-S-B-HBNN-gc19_h-seed17,0.04912812016871719,0.18632379885849876,0.22164864125168282,avgmem,0.99,0.99,100.0,194.15791414595768,100.0,1.0,1.8008699495868286
20261006T165355Z,17,S-B-HBNN,gc19_h,bivariate,single,20261006T165355Z-S-B-HBNN-gc19_h-seed17,0.04912812016871719,0.18632379885849876,0.22164864125168282,avgmem,0.995,0.995,100.0,207.33444665631765,100.0,0.5,1.9625146565112328
