resource,service_level,SR,TPR,coverage,calibration_error,mean_interval_width
avgcpu,0.9,92.14835948644793,113.95893859863281,90.88730385164051,2.14835948644793,0.1930636465549469
avgcpu,0.91,92.76462196861627,114.58556365966797,91.65763195435093,1.764621968616268,0.19899623095989227
avgcpu,0.92,93.52924393723252,115.26632690429688,92.39942938659058,1.529243937232522,0.20548564195632935
avgcpu,0.93,94.20256776034238,116.01484680175781,93.22111269614835,1.202567760342376,0.21267186105251312
avgcpu,0.94,94.90442225392297,116.850830078125,93.8716119828816,0.9044222539229736,0.22075694799423218
avgcpu,0.95,95.60627674750357,117.80426788330078,94.39657631954351,0.6062767475035713,0.23004953563213348
avgcpu,0.96,96.27960057061341,118.92445373535156,95.06990014265335,0.27960057061341104,0.24105747044086456
avgcpu,0.97,97.04992867332382,120.30156707763672,95.82881597717547,0.04992867332381934,0.2547129988670349
avgcpu,0.98,97.60342368045649,122.1322021484375,96.679029957204,-0.396576319543513,0.2730535864830017
avgcpu,0.99,98.48216833095577,125.01750946044922,97.6947218259629,-0.5178316690442273,0.30233630537986755
avgcpu,0.995,98.99572039942939,127.65812683105469,98.26533523537803,-0.5042796005706123,0.3294737935066223
avgmem,0.9,91.18402282453638,114.01744079589844,88.80456490727532,1.1840228245363846,0.17942115664482117
avgmem,0.91,91.93152639087019,114.67534637451172,89.4493580599144,0.9315263908701894,0.18493449687957764
avgmem,0.92,92.82738944365192,115.39006805419922,90.12268188302424,0.8273894436519242,0.19096536934375763
avgmem,0.93,93.59201141226818,116.17594146728516,90.78459343794579,0.5920114122681781,0.19764377176761627
avgmem,0.94,94.3166904422254,117.05364227294922,91.55492154065621,0.31669044222539355,0.2051575630903244
avgmem,0.95,94.93295292439372,118.05465698242188,92.31383737517832,-0.06704707560628265,0.21379348635673523
avgmem,0.96,95.57203994293866,119.23072814941406,93.1355206847361,-0.4279600570613411,0.22402356564998627
avgmem,0.97,96.27389443651926,120.67655944824219,93.95720399429386,-0.7261055634807434,0.23671412467956543
avgmem,0.98,97.03851640513552,122.59852600097656,94.92724679029956,-0.9614835948644753,0.2537587583065033
avgmem,0.99,97.91726105563481,125.62782287597656,96.09129814550641,-1.0827389443651896,0.2809722423553467
avgmem,0.995,98.45363766048501,128.4001922607422,96.95292439372325,-1.0463623395149853,0.3061921298503876
